Team,Avg_Cards_Per_Tournament
Turquía,19.0
Ucrania,13.0
Eslovaquia,12.0
Países Bajos,12.0
Argentina,10.846153846153847
Croacia,10.0
Irak,10.0
Alemania,9.875
Senegal,9.333333333333334
Suiza,8.5
Uruguay,8.333333333333334
Rumania,8.25
Francia,8.2
Portugal,8.142857142857142
México,8.090909090909092
Italia,8.083333333333334
Bolivia,8.0
Corea del Sur,7.9
Brasil,7.642857142857143
Marruecos,7.0
